p,ci_endpoints,ci_percent
0.005,0.499833333,99%
0.025,0.533333333,95%
0.05,0.566666667,90%
0.95,0.833333333,90%
0.975,0.833333333,95%
0.995,0.9,99%
